{
  "rf": {
    "accuracy": 0.8156424581005587,
    "precision": 0.7903225806451613,
    "recall": 0.7101449275362319,
    "f1": 0.7480916030534351,
    "roc_auc": 0.8342555994729909
  },
  "lr": {
    "accuracy": 0.8379888268156425,
    "precision": 0.8225806451612904,
    "recall": 0.7391304347826086,
    "f1": 0.7786259541984732,
    "roc_auc": 0.8787878787878788
  },
  "selected_model": "LogisticRegression"
}